base,exponent,modulus
87642119,82501131,2688026
93636105,22206105,18163363
28427483,61553524,55008846
59356074,85116378,90510202
60401349,84207104,11298820
11005951,15115550,20604780
13080692,64103065,92559797
42600515,52186950,31209599
14442505,56001939,23554980
15815405,42781101,68502738
64034864,34365357,83691575
73521657,62051225,209346
61517771,89127356,36530585
17728369,90605988,38750802
68334952,1830417,77637537
27453101,95534689,23402509
13370075,10171031,19391868
48264646,14920835,30003539
94365575,66757819,57146159
89783253,1956310,78468933
87975867,55761856,32929419
22798571,295024,33787499
98427572,10229536,30150136
16943778,90443655,9236532
17525832,85359919,77408420
71941263,9068938,8660768
62079649,60368965,9991929
33577363,39800740,60884223
41773435,12502368,68998975
25454021,45353009,57483496
36823476,27838722,44286807
11223322,86735304,75950581
91582438,66664584,65426805
5642406,73945334,35139755
95860769,58893138,2229848
64404941,31800188,54734701
75707753,18130335,36267613
21203949,26295142,83507053
41135773,48318516,7898255
2944907,87477512,84726026
19516108,21631596,88575813
8118284,23863872,85550003
94172844,41110288,91836705
20546704,58201876,13530054
1067373,51763895,41900775
6032313,72618584,33951129
91041290,19860512,87832157
80795411,59568631,34668829
74412685,30561845,28104437
42336183,84872321,33017757
52451439,87793284,36938899
87262912,26605421,17118670
66835719,46891959,34982744
4855569,12069899,29473387
41182009,27051333,37298586
69893442,31757494,29667239
54744259,2240874,19778739
56958271,21371488,30457641
65168639,7332602,93458041
21517880,36909342,60777536
53741348,88416,31308461
85947764,75029638,71758096
21332698,33347090,24938140
72106958,78189367,61922871
87205696,65066702,64064331
68316683,58988067,29035965
62851217,12993412,85055385
60270711,31174207,44457950
88803239,37206005,32084029
22911110,79230946,83157589
23446565,60049869,2111552
91529122,66912835,71510333
92647828,78465818,40798657
76270359,39514770,90073430
87756719,18626762,25332417
48155749,79284079,98910156
26871158,18998536,2502359
38952697,26764643,37054013
9175331,62384630,60786229
80465033,54221072,18967479
39593303,70425041,15203842
3011545,31465788,91063257
4493892,14399801,37189403
40415891,93978590,18579593
75463185,46574429,17035843
6614733,48179776,42416967
82862173,88827436,61457260
21152644,14337428,39715441
35891881,38324858,87445382
69401335,55354724,45206157
45104476,63942137,41888782
69654618,31522080,8022570
930432,97421314,30148695
27534740,45796351,11346687
62384353,64931842,71212779
16502670,54074202,93693589
61562481,95618064,60393639
96615929,18332587,78704172
11940344,63464152,99769076
5232560,84974717,63963644
59871551,74158805,64239026
52646982,33454512,78046333
9682717,13253783,41736130
25881767,60866809,88841799
27338256,87209421,68283826
71305793,24570692,74120128
86808339,61931686,11458265
25737284,44799752,69029241
186764,45609880,97559340
69630538,86734175,80368733
35635204,74933651,12134877
99356771,28688284,50856824
23966446,94165448,69124728
45713614,89508739,48659517
22163735,93274243,78894125
72704617,8746468,20390069
73696675,82986671,70227516
79301569,10647605,17369598
78916460,83642652,38076629
77291886,70471361,71941716
5250844,10215764,8511804
52655658,19717081,74634421
67578922,52915894,23212774
90071927,37398437,25864608
4393476,36726022,19289369
44227944,65698183,48702109
27912524,82774617,46199676
99019651,57753578,4368757
38046085,28695619,34917110
86072429,29600001,63793674
87949029,97820136,35338057
43204579,37668473,23448746
35496475,54145225,29618387
93217110,17524859,4204436
72810094,34566791,73810204
12075574,5379513,238676
36944327,10637814,77003063
84538337,97522300,65814098
38335118,42447442,17174085
63038228,49583350,9182661
410996,53631956,82519550
59544296,36582997,57367020
99579404,90747480,57417506
57457815,95640798,88358644
41391861,76874577,5078908
86544491,13746451,80483055
52082437,88378414,21160537
50066518,75727430,59501722
55424708,31126623,43833114
39797665,6255196,60247706
13707562,13489811,20921543
38961119,98093196,6477709
94636777,64640191,94164664
68002370,38055575,35236302
17826946,29335293,52038690
43251685,4325429,18740126
21026851,52432078,62821619
37492709,11937276,18612841
29066150,63513367,25917583
90975200,22102631,62973618
65851241,8466611,82923839
17479639,66215671,86512750
21836132,20964089,39328010
51120561,5521062,73402702
49437668,21793487,52220119
49718600,69359023,66924981
35707899,43778103,24663800
74557000,35289978,56246713
89908332,66935320,8890873
27168360,63819693,88216217
48805450,86924900,33248683
72981966,44285297,1825043
60134637,82085488,74713857
58535728,2300344,87710076
91418675,97320828,45528517
57001012,6178427,43663804
49224190,40318033,41074765
68021424,70229697,14529396
81552422,2631721,8943941
81452497,51784745,84010730
76564159,31772227,27322830
39519027,20782044,91129191
25517387,75809507,11584587
1582962,8764156,64001760
85740211,7703241,36297012
66077653,29248650,86692250
22448417,18987904,39352357
53638454,74022501,57686843
30540462,5489909,26352356
41615527,44437921,3225266
11167992,21625966,35684146
17045358,88015635,16190351
51714150,91217136,75681812
70210928,8221960,77028412
24542958,75043158,37585740
94767944,61850419,65110833
14039274,46675042,58968229
31001039,6402099,78043527
15774054,26013420,79835366
19605913,96079213,8482608
25318265,95884041,17575768
55833043,21641320,97657471
63235645,55243839,60661288
88698579,38222461,40475099
10537576,46881700,95216862
20471540,74578631,55619713
48198016,31069825,93202888
13644795,43757806,61475623
36401254,45169102,36520341
59649994,20914593,44017522
87988353,11979719,40516778
18894157,5633756,76427376
5889408,88804539,92358353
41103927,87595762,23569162
85572549,79129054,95398996
2190341,79505977,88903164
67980011,26910580,17356771
918801,80604814,80164409
2216628,89876043,59818797
20864041,27104133,61142324
63560066,46985348,11817893
70843013,67358303,33968658
96919579,87300136,96058722
61356044,62528048,17626322
76442625,18793533,88280538
41159184,79178087,28833896
393273,61434884,92804392
52439428,21967754,90531432
44179161,82230999,24590955
38885408,78130629,42102669
58399461,32239396,19076224
8729455,99748600,26252541
57511282,97508693,44623258
22994657,54072985,4879984
62838058,73752942,75208338
2458610,52141207,72694715
83270103,60477275,26651900
69122298,83965732,95738725
65478576,67792920,39570253
66904928,4332348,55244806
5216151,32277852,48763132
44826612,50543199,52916479
2171022,12802200,34447461
18458187,51141884,28314870
3902668,17078154,4646003
4310290,9899429,36759972
42824814,59964420,44190297
47880738,52036544,29543680
86881612,29822085,58141910
40772682,28938396,50296424
51666561,30592094,93597257
78112276,80546406,49827958
82424672,57187796,46388929
47926516,93548566,64569916
21510342,75602000,616396
49336846,97797459,14505769
37746739,6007380,84175424
40041919,85593765,1720254
73181187,96434129,17510164
94110107,81975337,6476832
49619429,40601099,76977072
24555892,75438924,16354003
86194865,66526892,56774917
48895221,46352437,92290230
71765376,30690666,69178990
39278652,54162658,87209002
39970377,80236888,93807291
3899033,32728622,94334744
93442868,53004106,20688844
13316358,71856988,8635546
47753913,85679835,70923551
97154156,37993633,90581034
33797249,54321250,92865923
22333446,74866407,75805458
72590978,61464888,37489932
45261448,7172068,97259420
60643583,83257633,96164167
73510183,76909349,9568627
56480880,26766236,83275867
8588697,95567231,55646855
37538260,87332386,77227074
70645173,32927618,56767033
43806411,92897186,10158932
94442116,65833067,74782066
66997996,94671163,8973525
67509223,48464150,36164331
49060496,1656741,21237279
83295184,31597710,69321457
94144597,25258733,32856150
4368227,90404925,33330836
58490681,9495680,69421313
16288051,33007480,19069089
72987500,99443269,65941289
92982788,16474498,88762867
34185239,68723236,15588827
16517984,60008795,55020756
96035501,10592956,22434223
17023325,20332989,59658554
91644079,17384167,992538
1860086,54298655,2521585
75501711,8857415,9034914
92057131,63701974,10594459
26874161,6669747,44873068
27241630,25474190,36975479
70570161,27603678,20285848
20144811,48296251,64135946
85287345,32175862,9432754
16537034,64702846,80109808
11436292,60295507,59441394
93474296,43507011,96549908
79911586,55271535,76673402
52559947,66809900,79168863
12313368,70835118,56287028
99592634,73719049,66725409
67316887,56907902,12486355
97856755,7752985,71559398
82963727,17883195,64726477
88004360,95333347,97450575
10087309,65115045,87012092
30292611,23038552,77105388
6525003,88967301,88133831
25877188,98143408,27049389
89670477,12285525,96984117
15223396,52833948,41679280
35112656,72617838,89452422
64597409,70153953,85892506
62021951,56034524,38825695
16227620,59120812,9885839
14547656,90503751,43588756
90344463,86782312,62916439
64369371,85878900,66776929
84659061,78044988,25335020
42739177,91448891,4114153
96440626,94814188,24789566
41221849,37217947,56868482
15486841,98862523,69209310
24444966,24918029,75660983
68023061,42467860,99562072
49362167,92499767,10833931
58834513,82844531,41717692
78376357,4648709,55118096
16467647,13634400,96724323
55878083,83508345,1516246
68536226,6899833,87875999
92822419,79559566,84122803
31522342,20154614,38517807
81787538,9204001,26758048
33378627,91154585,73714590
89355941,37806733,64367105
5869187,22394819,51980189
41920711,28464925,10721767
6915557,62251461,75166866
77062697,45004568,21212512
53835741,63251836,3085098
73768536,8149775,81739469
94173379,54042444,56014098
37490903,7127764,26579631
9476537,35745624,39819120
52023244,967489,326439
95595006,40249655,39715206
51605131,29585548,2815080
14591348,59516578,3190680
9976119,48722454,67349976
72390402,48136945,57728702
23853869,54686536,64026447
57036638,23737024,16716796
96226953,70323059,5442136
74385959,48887133,63687072
46894982,11884198,76783168
41121810,78756413,10331786
2814537,38336537,63668050
73143957,10954454,56877219
15710228,31123639,72278615
1033115,76558876,58696912
57225526,30648284,76049986
33699664,97906141,96865905
73636552,77231344,95017753
14694102,25770216,24974763
33764259,72102728,42269034
54815888,20842373,8929393
12702052,15752562,71845338
76961927,55851382,82746735
3392074,8725362,88185516
82987500,46850595,4656852
22992122,45114186,54891841
3354874,75745276,4042805
56006354,28461295,16522283
95527087,62445066,67214469
65154829,15957413,35845305
55012337,60153821,47043352
98014630,8147431,13404470
12066492,86203125,19636865
99710665,57034423,84314393
53811543,76645954,41577775
93207679,32535980,31405064
36041809,23941286,17080876
66174311,71430449,77550444
77379447,173044,25825358
66056934,18189970,13379755
13223470,67373804,95598862
46320989,60813064,69509614
64939946,4090640,22590183
29720827,34210153,67847348
48107214,69457030,21123172
65793249,4126345,71886971
10216383,45281119,48598716
20283197,4053641,46744514
37094518,55256921,84293395
82348516,66558365,62469357
6362159,76504890,15260771
8020766,17948333,36424256
19597768,60938335,785024
27025033,31286216,48670701
16354415,72033787,98977153
83053389,7990857,87006398
4466521,67907712,57969316
24009277,16883899,59171517
40558660,32289222,52701019
74964361,19400561,37224066
22646276,46395086,90800331
67445050,97233875,32658784
33241164,36393719,55274666
56258760,28252659,97869268
16751670,38691769,8794973
35635952,68022694,98802489
10416544,86596756,46482979
21843920,96273914,84685825
78702173,12097671,24564099
58445883,29227191,65432820
16523379,14204451,57521600
45475870,52001232,66937481
71479695,19534273,7597929
97024820,43300153,96373902
85195794,572704,52842458
49763496,47538514,86037649
96483221,90879776,26855410
60662283,79901515,33716259
59393884,17317246,84478686
40269268,17849476,92817045
67992721,57290630,3119483
8341039,108286,84091954
9443258,38691345,65529068
62053809,47078772,39156674
10489840,28314213,93530798
30154427,11640721,65767980
73362061,65023743,54281411
79005041,93039586,44712673
20297331,99765048,25313658
70464296,10193552,45811249
35246983,68590015,13377685
91759953,8230777,59611447
82747988,8296071,72841598
22423762,85364082,5542959
90409995,8064018,92189488
74868707,53509495,32188163
49067053,16003519,29577929
36127749,24434705,25116124
59965676,2632659,28483541
79747815,92450106,72893201
67028474,10974802,15698972
82701231,53486601,17755005
99997855,61175150,11876569
69081482,95077871,34443144
27611164,24877175,33375302
72533412,49267739,36325131
84929175,86206129,64302352
38074348,92027601,93644556
26744176,22172706,45959282
51504071,19775646,43810376
97645975,66469337,40391127
843345,39420753,93533993
89600839,20161053,79875068
63127519,2299052,9059640
37927586,62020558,85569048
15432024,29558873,79334207
49781491,24842321,58840940
76445822,74352035,62873393
50793007,13054951,54026735
82992844,73822018,23747042
92300389,66634358,43163754
88890594,10232352,99234127
28565859,36263780,34864113
39001082,57136980,47909003
58768529,26701674,52234294
29594868,29669313,11948382
36143084,24144396,10661309
99278385,906249,94854442
14706276,80617787,28797327
58225057,35800322,22942753
79278054,73099631,12208960
74534238,44336071,81410974
61791685,97661476,25944359
43527015,84740805,16910228
58323412,93666287,76211283
99995580,82143207,96303706
34301068,48812682,16478603
19060792,66445350,95227912
98708637,59597130,26623241
32097450,31384062,36075532
83599753,51567669,80590965
77076586,73227345,53127621
21698180,33462960,86683438
20437471,23097878,46103214
51407765,20813560,97241400
12931372,46226312,35679927
99901594,38704010,7049903
80276150,5415570,90777708
7621687,45244666,99128819
80280187,74248908,50000953
46931330,93826282,49814388
98441982,10340166,39995249
66511748,7575324,76070128
30528756,19212199,82200622
36643505,1187021,54812490
12021941,11304203,38638277
47057645,43404084,62624984
8221565,23144777,10562531
19706168,48756703,91142552
98132688,58872436,69680597
24734894,72756981,68748153
2682594,23794873,58397321
22155255,71393759,68327786
43370820,47694871,76828833
57393219,30170377,1653539
72763519,48985431,46762460
65457421,38028408,35314613
46491742,58422451,29894242
52947621,38892352,11746900
43202557,47868185,83713294
34116668,10414721,29017764
42511228,24697920,13060412
81202742,57234437,18338069
44846239,83667084,88730764
49052766,88082285,72957252
26293957,71017155,18362614
15443066,25098832,87862752
42351830,22526757,21292001
22028846,81583661,49222675
53043425,49952441,27005136
4963389,19301624,52897374
70264427,33584667,11252892
42723571,960966,8610810
49860376,58290308,76184988
91002287,92193695,1865367
41972987,46209132,32874411
72640667,31394594,87354879
55958782,18945026,21689891
31574286,81993301,23108478
1135183,64949524,62247275
65443910,87217347,24077207
61244481,22054026,4709740
22173233,48896658,86940979
99138135,14990929,15685689
57883807,88581449,44917954
69671145,63873190,31762485
31907982,75457611,61958628
10455062,61559834,50383659
71911348,60887973,45327355
71370949,39816645,2703351
93905628,2515926,58227485
84879004,94289861,85178321
88873856,98566994,52673108
39898019,21412275,32957919
87475251,17984269,39738436
37714007,24144835,45649844
44041851,75585065,61584462
28761599,20270092,97023013
47636589,80595656,87324068
30414750,84256010,83325564
62517235,69268737,35095878
58528589,78510752,46130337
52141256,74752742,41336178
38390861,53040068,85617565
78115814,81738648,63034739
95741512,8188891,96010447
36167128,25639809,40493537
46361032,19625887,15463283
51445611,38560363,86314439
40492722,73707700,562812
67437979,96923608,81013253
42148959,52511196,25193244
26051926,8963029,99899814
39542836,26218829,64297257
73283680,10838493,14160393
32787718,8095516,95485191
26883377,90716067,79197687
68106663,58354145,25073769
14070941,21769520,81296809
4364612,36054134,76069181
98163760,4237398,99028629
96816085,17922639,27058846
70814303,77033252,36558009
64039096,65270330,89537491
98863590,95019224,65144246
79062125,24746758,80633033
87557069,6774294,22977971
73146076,35988013,39478327
55660091,61373254,16909358
43034004,83975447,17585860
22732688,64446748,58104145
11275026,32426991,61574816
58840411,9765394,53810980
37570424,11273333,22820533
95632974,6390022,35364932
8106732,36725769,94746204
8462294,36277609,91040183
58305823,73408640,66917918
24291613,28601104,37406231
94581655,25007112,64454768
34199035,11533084,9056068
19863430,50139399,18606420
57491226,28202351,27406881
58890173,11468268,53157993
62790141,89446186,24176921
53138615,742851,4008910
53964130,57757771,82466388
92467642,48587803,88621453
93812916,99197598,55143136
77285140,79458746,7097318
2600214,24742760,33881006
87397816,72024172,12877056
24979595,20323250,17993872
27092765,8445141,85655852
46651454,94561894,63213109
84993542,89848300,77927994
80814013,66909931,81068156
3184353,32649494,13235549
64999599,70747927,80579632
26347962,85795787,82710955
76836100,31230763,93926014
41942171,45996055,75288988
31114274,70827348,56679559
20939337,55244949,84865795
81046964,69071789,3228119
85457966,44246785,57617146
23824707,98448689,97435635
54804,49687817,43922646
47447040,28912226,8542904
68240100,83029196,11152020
7219022,44878689,51575810
18102781,38105373,87424878
89764069,25087633,73176757
24490947,94211201,46521667
94102237,2640075,80141481
12240037,47416429,69207836
81838093,15747393,30581857
20411866,12185176,48526301
92901662,92699944,28953577
26309434,41246189,17173775
65327142,29522217,72305961
89009253,87315933,90151151
10170483,61902220,318710
90496192,94636000,9593362
26987941,64503478,19512466
72961348,18875621,40445034
44600414,94132218,87948295
32756182,54560587,26395425
33805482,66643336,82031224
18959947,51377260,40714310
14999227,57027288,90699349
23214767,92158366,72642071
15144703,36327756,76579241
58526430,23043097,82438474
29454469,67327860,63765062
15889977,92722833,63714158
95434487,3980025,22974977
82043242,70641087,67015748
86283139,26338030,16876143
53491052,14646726,45541982
90077223,59515985,98487771
63443521,53920289,88285494
68579847,94702551,95805234
62754125,48329841,16031359
46504446,46404331,44264223
76165247,48111370,3673554
27484552,27738655,85694244
46020067,75522522,76789361
23061897,54244983,60737263
19979166,26544588,60759783
57775586,49366236,54977704
19690327,26658178,72481943
95128879,80162314,96744782
97868562,81519201,8879833
55742561,50349656,95270628
41923292,63553606,73313243
14466442,76965597,81120082
37493202,71147024,81840731
43699996,70779167,89930303
65613598,50652263,79994792
70900820,82778373,52203404
20876526,89796138,27551660
14846228,36540890,71271762
89864666,55914128,14752452
97774758,45586735,62288438
79675835,35170448,9552575
28238832,63183952,91984883
70823780,79380468,54577236
49663345,97006063,63615669
11935350,3953015,93742405
15174300,84123538,12361982
83223829,87391806,2645937
5107485,92003722,99622417
10118644,30385929,29775244
10014997,89018897,20381656
62706562,32293163,28399610
2442831,65103085,53909131
60424875,53272288,48548152
56772768,20851613,33288678
4906168,91166724,90011048
77710318,61131699,64172766
65637973,87296607,71613764
84479149,59140606,65350772
646287,33110114,4345610
49867323,91030599,1428666
15032151,12781314,48399117
86075777,56545664,20340007
72700208,15771333,50988705
23732204,95690954,77170950
18534193,68202879,6876580
3047359,98301112,34017770
53280117,20528375,56726666
40427094,2420211,63535365
69409457,54814321,69984906
43790688,38523778,49733516
86207836,49932968,26663761
57932526,12358471,47658572
92881342,41882311,11255122
37148737,20591220,5239800
73662864,80300009,17894565
70097075,11452667,18533014
33745040,25620872,93926964
97433186,22958848,2490146
84475318,32356313,93318219
9366681,43363753,22803748
5540709,42028363,5796041
11935036,45857804,24522278
43431925,61288593,65604320
87820683,21921663,37701337
88332365,78833345,14739692
11250579,85185776,29693892
55276246,32106374,42716812
46468396,71654854,98787758
8477312,12072057,46930006
11365286,79246713,56613503
33146471,93553784,91903376
49927585,20135774,45897299
59143302,44119613,98072423
67174327,3926019,45124373
60676078,95462153,81057379
33762690,2780452,7712866
22800387,73475112,20594352
31732667,57311406,13637093
59064876,44798283,65425657
14988515,40538784,80712043
38262286,66207628,4809154
62508200,70333228,87533310
2529378,42578719,63889418
56797784,77450179,92838373
92171266,95649016,88011203
45334690,1691562,92691238
72132403,31512819,37423517
47443008,19828030,70966409
46753547,97280950,52348908
30194766,38095055,44186587
40339619,72959058,27577521
97743423,3761251,19926056
74079005,84405192,33317192
12533318,25226079,81612632
37587210,80940010,6000605
2943151,92224204,17621138
1653728,24976830,33061164
78440982,86699728,82535749
53544763,94183018,95569745
19917729,80266026,80758384
44079428,67420673,65083966
70042163,84809586,91545310
25299004,23216993,70252450
18355446,54516685,52721257
50903754,27626047,62032987
17567146,97664871,99478985
99391456,63802334,60831033
70913567,38739429,91201562
27793841,94877502,74197817
74670597,51998805,29559358
82088519,68020744,84736007
24853324,40531176,63508509
82403147,41275154,64927448
90278488,58629403,15046394
39761419,45332691,71895869
6636397,99093303,72114268
80680592,82179731,75264227
18129535,21300703,34290326
42017824,37450999,83391011
78716237,32101200,23707037
25932989,66765319,77544547
41589008,75591467,89231783
98664751,387877,26922725
295488,73650563,37974223
51258237,5059128,85632878
28507732,75557956,99244932
29403915,19339222,47110456
72849575,43678509,22926441
42982718,59916013,31593964
96019079,20712819,18202358
70601204,97445664,67044845
11297810,38009807,88832424
26667694,3550114,94080465
9471826,31330273,7690284
20839596,63739870,79785145
77218263,36926455,2073348
1413036,7404340,54047804
85193255,98282456,92474331
58449257,84881172,88874554
50738109,45978842,92349263
51655605,15818957,66570032
14099113,25511517,20402225
17030866,75650862,21145503
99871242,13763236,15119344
56945951,62550393,55222462
11000226,20880792,95948649
93268573,63490426,72440972
653787,70473291,30943165
16204560,45797434,75297253
7681040,98614960,52786288
71610412,82489032,19877881
39514298,29285409,39384725
96169209,82648498,26506351
46670460,53202014,71287557
56939593,91819680,18083085
72648654,25837850,72175315
49567824,70783593,65490624
53475102,35017563,58100811
53740674,52016377,69312405
51276722,1000221,5268171
51430119,19542948,53381855
29872522,59747796,87542813
14423966,18750903,24670697
33949595,16582432,43245985
23115304,77501213,8689918
43619647,7282911,31801621
93030632,70929645,78225507
70386659,92756746,34927188
848780,51025039,29148487
1101207,42804732,44774826
83101411,86797301,53523679
83252853,62782635,35495529
51528957,94969782,56240062
5092424,67400618,19829951
64017322,74399617,55151922
16096406,90213245,13470030
93866520,55038855,76660960
50510241,55780619,52333035
26922068,20190767,4191866
82123117,67256752,87119868
74965319,61560106,86638563
30681098,1861249,81927976
29554494,20855421,72235738
66722459,15366851,83348474
3965772,69274015,36344027
16826299,33164792,54024329
93946475,1204163,65928843
34656197,63983402,33311092
80191000,89705105,94472327
38931952,34574443,82376266
7201581,32653846,49072685
13973432,82926700,73030493
11713062,28092001,35810786
348981,28090840,35472232
91697138,85356499,26898556
45772101,60347953,6778549
43436618,44303434,7223159
34425658,71682970,81195218
9377054,75317791,93606075
74321,65202498,11516223
5158088,91195903,8007604
96049930,5551240,60314995
82379834,53518208,78094845
93668216,8563325,48443900
39603938,601229,94489030
25639545,52186997,94070232
88274072,36368466,1517330
86861231,34905339,67513915
51579766,90789178,70368204
42963154,49154547,59741686
1071012,95786277,91045783
40000818,43348081,38941638
22395624,53271947,17241875
92736975,11312570,52295883
67396539,91401436,66839299
96851782,20633263,14468567
18125880,86127763,44067952
49613795,27054449,81661285
18246970,38487106,78619268
88570810,70538472,52890158
76851069,52741382,95959089
74054628,42349488,746903
2559653,18453323,7359421
12538221,39862191,20751316
45861318,68677755,77867875
51985062,22121118,24104232
61476713,32467729,32219300
31416546,54118637,30278358
8213224,38134652,83063208
52774598,87435122,57057238
3063375,13752238,13069216
23991166,61721342,28644196
18088701,20548757,15603498
66210268,22129500,5286393
2713247,41045676,46603923
30160774,6071271,53776104
80972869,99603725,30145564
95455525,41829075,82086070
31707935,19286367,78144285
57903866,82683990,56830976
83579009,13961140,34472657
60484473,56993117,23682392
26116783,37169811,77287109
99320516,8826878,29730408
88819750,49376107,36856076
18492850,59452358,77013928
75117408,18048358,18725237
2031480,77682926,30810386
5273776,55722940,94171158
96223348,24266335,85165773
56761826,97208008,82345450
12255436,98334087,40198874
2169270,72783326,61268699
52379726,3650642,85653018
74371721,72500420,73933217
84753377,91948556,35310080
57249006,64408883,63116699
34482772,84494209,29412785
85601707,51833649,72644776
91171013,86154082,84269361
30134244,38544427,49520854
32206530,43279592,47997824
23065989,8848017,50375372
906785,21928521,45118576
38618714,99860420,15678340
55594430,10203845,22780825
86281748,83125976,81817790
12553743,91606275,24454395
92502377,16709645,32304572
23192141,55913539,14645289
61662880,69920125,41723776
66845625,98658204,40315364
31666078,27971526,3831579
94060783,74195569,20220704
71145593,40996407,87567498
77408682,96621764,12537882
95359374,12078347,72341328
11800897,4894270,23362876
50318089,37978565,35848343
96516333,16407702,6333847
35063146,78507497,23702090
21571578,66108145,83761105
68160887,72314724,13674364
56490611,52523157,77298024
25485974,46380992,82414597
1080989,42623060,48401849
65347004,25363943,10462613
46393339,75992608,38308938
35156868,85098694,17119347
51719562,92411542,85785655
57131031,57333872,77935890
12458409,15272160,37300823
94559435,8608603,87923928
19949412,76939684,4396307
21623775,75604231,24519112
96463288,92951182,84973489
71372700,60339566,52387659
3421268,27132017,27217864
36891249,41336074,75240892
74762593,34247575,3158485
81883006,52302119,58446408
47621685,82677194,55970573
74871095,68925319,8233239
97026408,66611542,73693574
6034590,28261724,53074164
99131366,33895429,19960471
2270033,56072802,65438379
36816760,21299260,69836518
99537120,70922180,1797931
56968983,697603,51085592
72709280,67723488,45801369
63656559,90338327,5092609
65808009,18134692,75012216
80095062,38235036,12689540
66080282,25596004,91731195
68935554,30606812,88235884
10954789,99478105,97389767
22957356,39965874,2399502
30197139,78627264,41728278
31652875,80825918,29937246
76253138,6965213,55593224
26909169,9085079,606655
33205351,32369716,34814182
11888186,1503683,98383556
40912468,86601883,12303008
38044342,15688100,65658085
60601706,85994968,22930949
83792359,77696813,76201437
37089202,75131347,93285982
47383073,70309949,73356666
10454353,79555913,70537808
88670786,52773281,5121722
78944566,34563005,8900323
59157854,69217191,37446935
58482445,62657841,79942859
42569335,36377998,16306603
72371869,68868753,16399348
91743627,57417513,58062573
77705905,79390250,37293639
46340479,79141161,61319964
97902275,56750643,68291304
54916391,85718907,81230724
68821994,25123897,98490049
42748607,8059134,5633767
21645649,18244544,97551435
61616688,36201392,21873913
41647271,31454609,80533350
21183597,49574940,13129243
31268559,12520358,16521096
37617606,5570939,31057418
1743223,69366905,431577
39713652,22000971,64182730
13105679,78752980,17574691
86299025,61165830,71825163
262776,60682619,72130678
43673412,12043114,99867121
86416597,94692265,46515801
8300221,6836843,25085598
51134583,46510402,49280844
14441558,12651760,51253706
2409369,78699914,37098891
34346572,1627386,56405479
90012249,30573414,36318592
16325130,39901009,55604629
35155800,79443433,15003416
52824423,70307366,19176559
39798500,87552182,43545596
47970483,85676296,86631533
62077438,19652191,8578096
64353376,41363514,69733737
82790816,39332123,83606196
20594083,15210520,14329685
89135550,55210154,42019071
36322567,37863067,86264264
32752522,97827557,93036492
85187530,17216669,38874276
80877017,69235377,26582422
76959377,18058891,69025903
33834874,65545384,52018891
85010188,75322526,38752516
16517547,26103711,57335188
3047411,84147829,64964111
91773456,72031123,7731358
78594275,19683340,3787731
56351788,25105219,92927671
20843094,7437060,94190351
1088755,16409787,98248053
91869692,16311382,5265174
89619682,32865692,3094642
77598075,37346373,8006234
17075466,26664281,29249264
51265449,46121034,68033382
81115429,14685506,38390122
79340329,31949719,607885
62801646,75047296,1709405
89689205,30354625,82540260
42487923,78342902,12328952
58895008,64581753,64982451
14989563,49911747,16624232
41281398,16645234,89723422
14119734,18384295,49868980
42954127,32001635,54048300
77592441,58725186,99559322
99347095,3805691,38385430
17839150,94288931,80466116
21323177,27953158,65556897
76493079,26127317,47998017
81051104,35514452,47682034
294524,28044974,34245861
92604975,13772009,73000177
74004779,50869150,59873564
5242436,37688253,45147505
69578453,51805279,90621718
12060533,24669629,37651902
46594668,6491550,44747216
10188889,74234018,29494064
96031012,68879211,41047487
91434947,74691850,26970023
94340282,74434494,78196429
44667569,43674295,68272675
50632784,91658836,97774294
94118555,47189304,88425679
4695092,59553756,63516499
81262664,51441713,83812068
66825854,83210236,33101123
30624179,58623715,45280076
15104712,28291359,31231640
97003219,36494355,98195623
27143141,36168551,68971850
64033882,15192977,69203375
29506138,33929611,20705943
4468978,70064092,87176082
66962884,33856280,84309020
78264919,78206542,23372483
29853885,70271740,11596759
94319159,58100533,74544378
78637163,73263401,36301292
69188253,92620111,51739282
55574902,45932042,18240131
15308062,36415539,26727225
40027637,51194456,5130527
20817874,67804176,83379078
20658224,83238037,55229466
61387593,96666479,40773366
1165422,58749648,14732920
73372824,80972821,12052327
46910568,23707061,35364326
86199743,21618897,68011331
74470023,95108742,30247161
52455530,20317760,88912116
68018042,77486086,62022436
98193256,17852385,88853436
61141849,62633244,20419687
75344148,11576831,6882874
96836350,47509111,63232347
7628192,84074875,28178815
12109361,49983274,18180634
77441838,88013865,75235481
63493345,88021762,41045278
48976938,42887344,12067692
74850940,14462349,46786565
94588508,74679233,47387449
56747912,49410842,17627565
44722345,25773968,87027966
91669928,49598135,20005748
41668707,76352885,84240909
7003290,90095425,91304509
60623752,26335687,98883384
12246993,85756269,81527643
82630063,51407942,60466204
82459129,5034988,19401870
49036286,46996390,78928572
74986969,26766901,76254586
30821038,16998445,43471974
74482890,71497088,63579402
30544997,12778979,36851900
71667961,18752824,93956824
22538087,79549508,94175634
95965524,76451560,54246017
26171206,13564048,52488971
77206507,24026379,22916602
63386150,73951874,64028105
1363514,76118904,18195405
13358806,82548644,79692584
98528248,96656234,72448320
67738244,77163690,40948717
57829494,77577071,24502907
52521442,78737692,41384148
41998053,27771264,41386062
18115252,97055309,77507436
78776592,10498474,47051129
8483088,50749062,8487374
88730176,56817572,41020922
96649755,39342777,64928838
91925977,2510161,2407541
22235692,91983259,89670133
52809618,97718770,82042667
53915674,35039591,32226764
33395705,55783185,30928134
24352471,2432084,31749976
75873396,87304594,14850124
36306002,84718452,22245099
31307219,10583232,50960128
89727517,17202102,9481176
30907312,44827599,94467478
76292450,9388110,3664625
95542138,69655032,91840613
83842091,3052213,57620593
29378324,52868480,41445369
27526871,69022008,19214525
78250803,30913633,95874240
93209467,43666413,38714329
21220412,8148107,89051599
14227091,56950122,57185329
53839774,52411219,52455392
75160676,72173114,62758401
91049914,52161771,461449
14317580,73049984,72501041
97554526,67546905,66943934
81546294,26684409,7338480
61017574,71871064,11144051
38906803,39946897,21253935
48410285,65796714,95344516
38728475,65113685,30141457
72917357,96073941,86229122
74693755,74999626,48112670
11985903,68708608,82627673
72790759,63159302,35436617
11680118,79971221,78185625
88124713,55753513,61699443
99940996,76281767,63314113
85894979,29127630,27409538
91017566,61121934,88653493
28422293,53093499,28233767
82044947,12429023,63180118
30868800,2228717,78144189
72714158,89115486,8222585
39498256,99955453,60965322
96414995,5988276,805818
90673416,47393598,59417658
31409673,96699051,33683348
54512843,38479961,94228242
87374114,18835710,40057762
14947948,45371318,86905817
85337774,64475225,32632168
5790466,86407325,27756490
43394712,83298313,62955555
71009561,56463512,44997254
1448201,16903059,67866378
26135810,94081865,63443146
43185107,40598590,12602475
29097434,60156127,73848026
25969970,43953924,47503969
43915502,14125937,68084294
86423561,83565408,56641388
63214379,52928683,66566099
62867639,74678371,14982019
91624286,56622425,39863682
1975527,98612702,8973119
24108458,69948361,19667951
36598176,85940120,49200614
1295313,59259348,17806282
78905350,12286784,76115102
43066322,918720,32238248
18111166,55630448,55093837
62003296,30747389,80525866
58682731,68999497,22306807
50321870,29046939,98321171
40410231,78975614,22841582
37606729,13966475,90138566
58450005,22311405,29859005
59473314,8326238,88180653
79502251,78097344,3235491
89074045,35771576,17178458
48481314,77077584,31465934
6999604,17061751,26182078
75306309,842545,4342129
75285140,19881857,18767724
81991976,3166827,59537892
80869986,2092888,82300896
65355133,47677559,87331305
15453073,93431556,64023864
24233418,18716803,39705275
11434693,31298244,44446852
79802351,83161328,3725804
13309350,67474221,75126534
73929689,21455813,9366488
8186908,14999163,25684616
21127056,39881344,24123575
43914805,65241901,34462000
65909396,96584901,70849950
93032199,37236039,9056596
23070601,89851519,14592088
11133952,51156601,90453893
63780447,64917279,10448336
58666414,80717939,85748129
46858239,6554889,55905499
91789823,50752843,54418345
86898747,55619618,41029154
45545363,59911293,51872649
27094209,84005285,70962144
24632380,24375706,56731948
45431254,91859997,82161811
18115015,6926057,10169964
52587135,21028785,73593248
84882469,80079899,54832639
97183921,50366076,95937482
23905920,74650729,86799353
6720056,32555626,33776234
75747847,51665923,5913008
10893002,83414114,74532409
30514849,99177452,29737949
87287935,66154892,8062437
46676924,73584666,72286119
91808116,21849930,72418632
52255831,42871370,4980955
64988479,85107610,39982719
63295544,64888396,65613155
69512310,22864673,32794340
29147536,69860812,36354465
62534651,82550020,58741391
55578958,41673578,84065966
93662540,72364540,39451160
87180965,83869144,90043000
28970367,63077513,28993949
63349187,20467866,2816045
78473116,91655875,46516568
7557232,37436178,74584625
90403158,47351653,49707881
86542985,60363914,66732644
10925489,59310566,23185966
85515441,30639576,71151931
61214833,90951717,79016319
26953515,88507679,34704415
69267913,48139972,27187367
41936499,6703492,88703025
92123230,32682360,5773278
80388212,75711325,22176309
78704196,30326119,21601550
88770490,39757580,23391544
53708889,484023,99067400
22550415,72035500,55784072
74664477,98273556,58414868
32758038,78249667,65691126
24237146,81613494,16581063
38745475,47592327,92906852
87461185,753205,81254552
16406744,95595564,90633692
9299928,75862750,11641485
88711264,38692586,45197026
21369424,73522513,97240166
88027392,2272959,16620518
76879051,88029870,9392459
61842614,52194544,3135359
6413572,65141874,57041387
34189511,4983406,87116029
26672744,64317039,21574131
83555309,47407593,73980201
69889896,37422063,1860158
72114383,36838115,50042837
38116594,6885724,51373231
61819083,82497473,7820578
38426563,50787119,12103048
63701138,81614140,55650065
72958014,23851934,97542726
7848538,27776899,31728330
86221291,39378539,38448537
42366044,45580884,38185440
32853623,51934779,5893955
23406851,80198561,32825643
67932085,89003764,37560895
27259124,85347727,11329341
52745392,56785096,68735508
24266300,36103486,25197366
61599844,35209301,59714607
53106264,12030013,81907988
10684901,58898071,26821429
77177208,38997606,18778538
49363129,48765873,95606641
88468046,95007297,77387243
47490054,86042936,23179550
89076774,81680641,99875870
18546953,57027907,39421729
4809063,35695570,19471101
56546515,80783596,25484419
18892740,25935975,79285707
85796948,77726063,72549559
56033583,10610176,30458696
15813644,52979461,28474691
52831232,66477952,63564474
81340238,96060485,26363645
72280112,28805944,64433415
1022330,20413720,93252712
87945779,1537154,35186916
83864576,93381888,57796140
34819698,2071684,35135068
79011959,86578441,89419389
72855570,9532537,25113968
1418394,28150044,92288762
49129593,89038609,82663911
63719915,62743308,8473135
82114385,36135482,96257387
45926875,54957273,39966928
41793728,29875661,41675070
5824036,84094317,13660588
83418658,82406269,88086215
50893238,45344826,80166439
65289320,54618815,28242835
32815163,99326980,24377801
26027234,13479145,8036905
67825022,74881045,30656684
11782870,89744010,99393293
12871110,88722393,88219578
21259217,33150689,52314198
97272965,74669347,53455104
36201882,1293847,74065172
1236984,38803439,92866597
95078524,91406640,6209917
78912108,68606599,53323245
15094532,60860018,93793679
64360396,32297648,3946422
39486010,26101463,86326205
78208147,45761564,77620394
77836739,15795171,62389752
81711619,3143281,11334374
68897556,23327225,13045810
74165322,47675543,21211162
38324403,7425815,27058431
38351882,66895956,64061137
74881859,32879636,73636864
28667470,12116132,84623103
34179452,48611545,99765475
33285072,15886303,47110576
42200793,56044029,55514370
83500812,25316797,21539756
84959899,63588322,6253468
17845526,33277161,94564806
3239992,1119130,69543186
49331695,90290430,56125475
12695659,73456453,50911375
68744104,2099545,59294494
47632712,83132025,87139452
32612434,30282157,20476100
54814749,51691965,96513657
26838515,48424403,19093033
89435808,22004575,71857617
10603365,39718548,37135525
6675521,74938597,47446039
54430752,16665312,15870084
98268437,87222001,76951625
47965559,88374257,34075312
36215933,85877068,62747329
50604126,91569550,65578717
15704201,74103688,46850117
26099631,70702997,53743693
97788749,19239035,76269243
17028346,95722815,9752323
57233099,27952492,79954836
56276923,74436658,62361444
21487850,89229998,56983423
32497158,55382488,23792218
31107621,50795960,37348169
37767061,68792350,33435991
67466452,59681814,84429521
64642352,32059159,48971465
54748956,21904294,1216874
1770167,23120555,66149046
56352937,88998672,19938957
17661571,93324637,90340277
84676375,36011093,58848484
1862028,43637234,57905020
81823854,60393309,19686953
72358128,26364574,16154881
57402497,69225597,58813168
74561545,60964142,68722648
54057718,18208234,76533816
61373996,61488314,55161663
71304306,75562150,757112
4326738,32860176,69540486
77111408,48939801,38167954
41089616,19636024,92071805
93176305,62090363,27536980
36217816,6415500,50100240
246549,62891385,64504427
58178092,33506402,94243067
95550114,60814857,67879820
99777186,71827446,91364678
57485209,10265894,25042266
86261713,73204733,23745856
14001730,43023549,373172
57819473,38952900,2229051
12992393,28807056,74210679
81007914,28382306,43420953
39992444,69264580,39969317
39989740,66791299,24214032
64945671,85512694,10883811
21286455,3194962,87180946
95616105,80878694,4704356
20472853,79111217,98495148
5073550,55116596,96148063
1212180,65966546,68995109
59749502,83655241,71114339
1049903,18923717,37725041
55955674,57048313,26065382
93789215,11373858,47978895
79265418,70069573,36644791
38668876,70652085,7352768
76872331,93522351,65807582
58695037,55644311,37359324
72646660,2039193,30796537
12221311,31261040,33481866
22809902,31497242,42935481
24957764,26239304,46918517
89344764,63881794,69952073
35376130,78162247,5212164
53955017,63613892,40193574
22707157,48600806,66569047
35946659,19929496,9044908
8683239,26181100,62216013
47799909,71167476,13340071
12062324,93443984,20374892
30525796,20723800,68216474
9612838,91611521,34005152
33792112,10943302,84305591
2521564,52101047,93537870
70152831,23344504,12956902
76701046,36082311,88743618
11163506,63477817,45618935
81137309,53720376,86700551
34506167,73376585,1860602
52179184,18216623,32693890
14426245,33817674,9894844
43241709,29089421,59674637
78990154,32168950,81012334
49572803,38734813,6812756
38235677,25362931,69581827
87181495,56002823,39775305
79998701,59337434,16362949
38258067,99771411,89931714
59836467,44968925,65023027
23567866,96475586,82194941
15798627,66615593,15154642
19355223,40189026,98831560
84938664,17659788,28013714
22895994,30776794,34034814
85080142,59286784,75541403
78903774,85339882,87874967
54584249,65232342,80066308
31232648,63840663,43279929
34673044,57503635,54603031
84481866,28401862,61243781
83090461,19998564,97174813
83010536,19701710,60129121
14864336,40767396,49684472
60894050,29619271,76061581
78868702,44388133,8252418
7167082,83469446,52060066
55868936,36459249,40213347
16067314,77366736,99861906
45632408,57283378,13435199
97128290,1930941,94729299
46517476,10413211,66058510
86175896,55317136,62385257
48089171,19902069,55143456
65600548,31548855,93566228
61435262,6442919,61381540
43109991,65460660,3157812
40530048,49514424,62933545
25339950,63525504,37457506
19654829,29926634,98698966
70672934,71200506,57683058
38081233,58350613,28458685
85451128,12374192,69872421
76323072,5880538,17460682
3831060,84800491,62940865
12304682,5896937,53897314
7550115,86397190,95952734
45445286,43833798,66299607
83992495,81086086,70017527
76026549,97461767,1509765
16541506,16109072,77229195
59168371,1017067,77129687
668248,7928701,76794819
76413083,7984286,94136168
73871520,27235633,20305389
78847612,66280579,99513020
9214700,1740500,61562855
31192568,73623755,55197812
22092641,2351076,70267557
16297446,30957113,26756733
73519005,82974830,33208469
95728564,74720900,94007907
56234360,49353224,12466294
99948582,70927925,10807580
58718665,10893326,24637744
68090651,34423355,57828681
72274134,6377302,27856175
26210843,41985827,24712784
12027572,20056407,397923
74572382,22943012,36449265
96806499,21128535,92007918
65438104,33307677,8086481
98510799,89535384,84032153
79493661,66844475,782025
23705914,45135582,91780016
9708593,69900905,75051960
56626364,24214246,34074877
65549079,38182444,96373027
23961199,42231119,33612115
97082758,31023305,77764280
91356650,49780265,61746770
7631048,29467286,34791290
94807442,70435901,42433515
87218592,11168118,17374918
40709633,54737436,10467696
97814319,28121166,69470777
70967709,83412403,95649632
57865715,41527232,95370679
51036392,30191087,76007350
13511216,26584989,88885008
19161679,23793348,4300944
39865638,13821562,47724667
75117902,16306997,8696551
49469248,71602542,62345998
31004068,42894064,6886751
46005476,46715256,40059908
81636530,6038699,2815296
85865449,3215559,40755527
66888009,62007281,84665195
94916092,96506920,78389808
69664305,42678416,17617659
29442633,33221854,89457303
18049505,68062950,77217098
43971885,68646226,76267008
50676443,36418286,70399653
25937159,84044534,7710458
70725003,52711479,21068220
86685457,39228418,23497761
41267957,2628091,39030802
35584158,32095732,80304658
39306428,82610838,25544627
88580448,43063043,53807948
74995460,50519991,27466701
16045869,30997409,34191286
49321473,71920684,82617322
52207197,93994137,71377709
52946959,11526431,52823655
64110234,81980395,21627123
68927464,31739979,7190196
61373719,96633216,7009307
59174139,48632016,47958923
14505967,24254947,14384586
94285634,17424862,40975359
76791889,54217206,22174547
29178277,35342978,31081583
80808380,75486572,17082368
68147209,99830190,91160536
93887752,52022366,73950263
85797764,43093850,51243839
44359205,23913176,87422956
91621018,86416475,34748395
85001954,79346053,95746874
6478445,79793000,53820590
39343948,81038789,12435883
77303493,36139820,72775885
67303203,95495195,48783916
94237610,39029846,75945016
73775890,29166349,82257288
68485050,13026421,8946455
45031740,42277970,75145576
91214835,85370456,71494050
69156333,44903096,9208298
83772597,99480356,37422638
30724614,83402748,69903302
95505361,70724046,37296517
33645068,76429207,91951961
19224391,74052385,44764022
20007956,49465715,77805832
3890464,28702284,48898789
80665842,82729757,15550935
81416926,90645820,89213588
81029253,76428002,89903878
33916914,66041514,91960658
46687897,91435120,34242268
25870239,74052439,82697634
10572974,58597972,79470581
96857326,13415119,46237311
47089876,37211111,29317941
18887189,68360603,43761123
61913430,53456891,48393960
84596263,19010096,30842415
33417926,23239227,21778280
60589550,24267429,69413899
32780973,72312701,47503418
36449022,12980357,73416870
17925851,92790132,42183234
76249112,30174054,16345526
47314518,91432218,6219300
65927003,69540972,47782711
3050559,26680317,94397276
64953702,77870806,44844110
68132316,25995754,71668910
54685335,9308803,91340938
94667595,32655190,63804023
23107838,78324186,96773888
38267085,7242793,93049005
95410643,77809115,13116205
87805141,52848155,45172611
83539589,85499614,59155854
84190926,12701249,45650869
4292117,43454384,19276583
85850423,65854950,21110000
4883580,52460326,71981202
89595848,35344653,81847758
47166700,13740196,69017670
66525688,2279743,78613519
57142414,91098632,62577117
23212619,65376316,89181764
1293290,71685112,92124224
41347073,53262274,34280978
6749292,32891356,57422718
92908423,30231963,45648524
45426428,13026335,2190786
8098279,6087414,95694280
85394893,51734581,60966266
57067621,51684353,70967745
69666380,26952764,82849075
45233971,61885437,50969823
89756070,88361387,91938017
44197982,8499808,78602368
33956759,67597471,63563981
62137087,4004617,21893085
65374211,45882264,66149817
70233566,78633675,22621313
25045483,32001397,43241034
95927738,97446939,97728086
78019133,75225653,7657003
33591610,32149878,27594113
57782195,82347303,98569938
50883353,80282290,5455257
39628194,16184417,3907140
22857791,11994899,55024879
16487780,19321914,7524696
20292850,39979454,69494696
80126528,5898156,33475863
65668204,72420921,48193332
52243690,58657036,56686575
80907789,83667597,57394679
58041137,28951340,66091792
49775693,93944036,57091031
36049039,27510880,11158055
14360688,80023951,96992824
9737015,53581102,56840297
1139466,32796805,9614540
42360456,43276802,23991955
23010338,23435645,91603001
39185636,25554546,17409638
78108008,38375785,95110346
36259154,28464444,70098247
79804381,89392752,59100514
41705282,76397116,59343828
13398805,88932637,35421160
43653636,21859985,24198388
91000005,75920881,26935285
1839675,43552600,93468651
51112114,77707040,94759464
1601973,85485239,42787709
83514078,78977087,9224018
8076271,72380734,64365126
94705888,89577380,8346729
45498497,58036650,79826107
50100366,72638559,17497547
23889052,28557148,77048279
52852036,1384336,93793942
94279061,21902124,27948551
35701453,83772395,28641205
54242235,56774574,54041249
81544541,50103568,28117435
9818582,77683559,18979181
5190712,30166046,19342594
17373462,76291335,70987676
98363556,30983440,56246054
92871093,78189882,867160
86304265,29980936,66680349
59892049,37437149,84273021
71177701,21884663,63455159
42721849,50904670,37655569
22850710,64409067,28116746
25504766,18482345,28014785
23481261,33484925,76229557
11583689,67030091,62091578
35038294,93794405,83163232
61192606,30935538,59973039
5243769,55902507,98072389
39750475,18700742,41669126
95146498,30935503,65055334
45237836,83647882,60487099
63669064,49822671,4158122
33675873,49139954,43032975
92614964,27383815,83080877
26704748,69768670,32811515
17678704,27040125,29594398
51269657,80944808,27597432
71104402,12159591,34813719
27293405,14652159,59761509
67935156,24093662,74874049
59691877,68795363,22335403
11420424,60809955,73241595
88708514,59352247,97752133
31603510,85589858,60695389
74740678,88492002,80833554
7466896,93042747,95965917
52695576,57694126,32344805
42667877,88943238,10967854
45683786,71199879,10592877
64551322,87903489,83543024
89899482,71777490,10294499
75298123,28090263,45946181
79238074,57672633,36127812
83724382,64987940,97241872
20280734,20552845,7895818
64765414,79521887,77797834
56334885,72425761,49985763
48730664,53177770,32240944
54880155,75907012,33593751
97290807,89277682,17373528
41722138,75457559,64019676
65617510,40300085,76440707
85822562,36766387,88096807
64453222,2012533,98304397
51570514,62143733,17520942
84265606,29738720,51670648
41776636,26476945,72814425
94629224,92872880,4644696
70368053,43371258,6977661
81616435,54031361,89043630
84428256,3953003,19974918
94690387,39756375,89258234
46832260,88390748,20615537
95834791,68083046,9050563
78154580,1288800,5473419
90708419,28272677,37100392
71295487,7057093,95459708
70128242,8941994,84981571
59207841,96521612,11618036
47286899,70999951,86076747
97926229,16701587,65476545
29727200,21596420,95031842
86527417,13257687,30226909
52154055,49544166,52566887
28530571,19423131,31600798
15282972,19740095,20666992
90100547,40376926,27645846
77184901,20825824,68190784
61390967,15547035,2601912
33185491,23454189,22016546
39438044,24009487,95790529
33153986,85325670,11883561
60623755,5082543,36421867
458406,46175377,7619167
24354381,1351411,44657113
42545151,80733658,39121398
87208256,37156931,78205610
13662334,17834431,86513688
34067621,19126959,53652051
79006685,91767835,37004307
28526552,2562110,78237400
77310347,84342839,68671611
19262024,96863874,84600307
49938685,84883267,79115871
77977195,28469464,24857223
52236655,2094985,94187449
51169667,89838282,82844720
12607242,3434208,26202518
52093101,81222218,59741265
94407513,22137291,83040994
48611899,47410649,40589572
52040884,73998493,86689056
47430658,17774631,4588229
90043678,25036683,76094890
67156618,91905827,74818107
9697232,81318922,26702580
88589671,39337122,59905258
11308233,71399390,10792779
22316938,38308170,96798407
25234075,71427502,48866492
62567315,24819175,32670729
94739575,21390105,67567539
13565172,19545661,24263130
91930603,25789880,19693277
98829627,68943403,27145044
89233481,3165663,55310303
46494091,85090026,41831185
94192468,60220209,80406298
67402773,64120827,95357692
31284445,14174841,5504227
73772367,45956784,42719821
59507328,20331454,97788203
89415789,23433215,87049523
61055841,31475058,98592877
79538283,24248939,15029223
90873470,52197427,83521875
49498266,55755669,81737781
74286663,46596200,54117326
39865756,27508304,999979
20919934,97725908,5561537
40435682,33945885,14054970
49716085,68796975,5793466
59034634,61761041,42476745
99226365,34613129,71867482
43489061,16526804,72118701
59006954,7294494,12208613
35046910,89934136,50248190
50680691,73146620,7727113
54299345,94570832,31211545
88392932,78781805,4326494
99958104,88945426,60968002
88165418,17563239,80307940
61844,81745726,89995791
48060832,31726024,65702113
93021609,87439500,32849275
88543695,10879958,405814
59645933,77914677,60472730
22398420,79899867,50659863
4034353,5378405,45837557
75958911,97090773,35713375
70976448,87609141,63312795
54361927,98161700,82284516
65611150,63143293,85108622
46627956,7271775,89111989
2580289,65902046,65772008
19890993,63483015,34655900
88727893,11394312,36673637
50647396,48441914,24392834
11348386,10537158,67503306
25055992,92713256,10972866
47656860,47566026,98422211
99569369,66075258,82596835
2187248,21765097,75812953
77548590,38508026,74314204
10430077,30887066,67618917
25983941,87893654,39304509
21224357,29279503,56972851
94106777,34461361,57891718
69194482,22261748,99716391
27535498,69477761,12776677
76122,33294278,68872101
13478353,30010037,68257877
9715999,97364221,1371363
44463356,29541079,90071448
57848644,79910452,24655166
83768399,5955983,16809866
75648283,15682711,21899688
5020016,66535932,63521555
33887362,14265047,63064176
73511177,16240278,69803482
95012906,32198459,96757768
12932817,58000514,81944423
7478411,21316669,98763907
10023446,64203404,72281914
13406485,8982714,53179962
44825387,97901642,37609741
20137252,81355682,32018166
80653697,99634786,22143420
97693776,14870159,33926715
34504429,33328016,89330246
69340771,22241383,96545118
21442437,50666817,24836889
49621047,71928686,21162171
54258085,94988281,43399680
81617832,87895209,64281139
19905343,64817719,31022019
30790161,52158561,40364019
90664376,62825167,72902080
33049305,98865241,11564955
29974777,55629273,67523317
75779301,64377628,26599466
40913185,83070808,80700897
12937847,25202208,30014257
88549550,77403950,89326812
14773567,11879033,66683158
5533492,76566321,37833438
6769689,79824340,9794215
80403670,32959339,23667969
47835031,87686175,56163980
6150640,69354106,69258321
44987802,6096510,88417106
29333599,12606258,88111634
30972228,17061954,7309341
87065166,35928687,86417464
77155385,45991384,91678648
38098150,39172044,24161528
74497577,41090578,54692423
2099843,75075217,99349180
22828629,8374433,87627956
57421806,76585404,85159420
57868273,23220155,27268931
77598480,67175833,2664947
76510187,10769202,74351975
61192781,61231975,22113328
51901,56713056,60543795
46517023,23020129,98814061
85808351,35671420,26674157
46007874,34749148,5753984
40969316,45817443,73109258
77761763,76540698,94962202
79262866,16679034,82254593
72857501,60108323,52846597
45862574,64862525,60278358
61418900,44828602,6622237
97344071,91482887,8931958
35953707,32038945,29246782
60226382,19325051,22938126
76083775,16921236,7472200
24311897,28661904,62977307
37316706,66527695,3271929
93980650,46861919,53369974
96481254,1026515,87779401
29938077,80439610,56665667
54875509,42538455,49841822
93723825,74297541,94651226
89374036,60287815,9941755
62432974,76238533,45189724
74215496,23657947,37478549
85181286,73095143,60772627
51425290,28812024,80985987
28387016,83826030,92537548
86027415,29848421,33751680
12850246,57310132,18626606
67870868,77309300,824929
852079,47082629,69167607
81871703,55551285,54413835
78626228,57799166,40136602
35265234,4753508,26218606
88804426,59496729,19143168
62663134,30169689,93712475
64379601,67836864,94493413
7838618,81225206,56862088
27500126,62764732,98357424
23647206,94875811,29189854
78078197,51343340,7894047
11765102,70168743,11464895
68388646,51699531,20417744
35172443,56475760,30256537
59646180,42216622,43220829
89979632,27609353,70239394
43277079,1606271,58878510
20754723,30190398,81092086
37040813,62903011,72710060
84131594,78509818,20657210
86341167,89020563,71451473
15974814,96214870,76619705
20516198,83381431,4510454
40809928,88225663,18492467
83901025,27211518,74970102
81916146,76386916,66190239
22463830,89574131,16302635
38137920,8438561,49751724
37970246,37969348,47583251
89740714,88986774,4054130
37734985,6453289,58704797
44283509,87023420,4334416
41437540,87935140,9720239
53944510,67353255,63697548
38822642,60927165,93931690
44866498,80590395,11251461
30901373,12244274,58336603
41464696,14819940,47298576
22791479,89502146,7920623
26592062,31319460,18733689
31744804,25049137,66344111
23345104,77612274,49885983
80050304,56685271,98675413
49939665,42867656,23467136
79639608,51966862,40385940
21274891,72419449,59344299
73458417,58183933,2200358
86048579,41489168,3965866
47183145,47792414,62453711
8452638,83553938,15315492
29250149,1633170,2216451
95276464,39835675,79966003
90477777,56129231,33948938
21027144,4873793,26687448
24689859,44884897,14763896
95498162,53887054,95420808
19150386,90745582,40846669
3053565,38795559,58043510
50187327,32127428,82214966
69909650,20805630,74416715
92392175,55480965,2413497
55893249,7303481,40059254
37477656,81220312,75719958
27511652,63976860,15819488
52216405,24627460,48452899
26541881,66381724,2041391
45988458,98614156,73724059
1782574,13096660,57742036
40025098,4820667,55044683
14462246,4275070,51972774
24238628,26515894,64908706
37452551,3003560,90984297
29549062,38546068,65716801
96763834,4704258,33303791
19871035,84477643,34161026
55348685,33038580,25817476
79108092,70948722,49697986
82912079,67949485,62008927
99279954,61182661,12906058
69523814,80508824,53836271
80923267,88367519,60609618
3929532,49876640,8980272
59310982,75227206,44772278
67877692,64660314,74844365
75447699,4054320,50927402
89973970,33112397,81430896
58112178,18311953,4219124
85717573,15950278,29723019
29804054,73018290,38312828
35025358,1360559,45690255
68124908,57009757,89002176
96092446,47226271,91917826
39724563,99696808,6865494
32133251,12997134,87294156
79949334,12065718,3706263
20935406,65855015,24194896
79922774,65172649,51984697
54344238,73175034,77209556
26423093,31308545,81310720
62260022,50128387,89656875
57119092,68588943,70603043
44773984,25243530,94939274
63118726,94257176,63816865
36365274,59386447,97548987
71752157,20884263,31046742
78232782,75416253,19902482
97387164,89608441,58314932
68403022,61147646,72426254
5096805,29814617,42906186
77687698,87540110,54422701
69837082,80299615,55111303
46062278,41114801,57522839
83276262,61908029,48329566
15747629,68798979,24864059
99074243,73859927,89203341
39869502,90386258,33530252
27223888,53135735,85191657
25075139,85529144,16585384
68165362,50454060,93255797
60800882,91371736,19658611
73789816,5414011,91541070
17840854,86255922,41407398
15125232,62085448,2827419
41671692,3144353,26659127
78568356,61227300,92057831
69185755,11798098,9430793
50793705,33208239,11326934
92623964,95556775,56818445
42731692,15364661,53115710
16144718,7448411,97005296
87279732,92331372,14361313
29816460,86840438,95436441
90095449,80894121,4268285
77869222,45134535,14732421
61869231,42715453,18969700
6087783,59208191,34715888
64371761,69249156,67770601
32900298,69310006,85971795
28314668,36540479,36731885
11639505,54068474,41020373
3779284,23743943,35182767
26639143,21185893,61742210
58800082,25125891,32528687
60134839,38662755,82888619
88735346,74221215,53886616
65714695,83510979,30342131
24364570,21388147,58077642
71264055,24766454,93192994
62672713,19219,49294295
76567152,62931506,98425771
38412470,76903645,2347650
11644870,34371239,97532245
9189508,86019918,45751468
62416063,95328118,4028650
63808234,26694247,90401881
26834387,93180255,75072824
10506398,30422078,3909572
39984457,75760948,14841597
83383724,57923492,59971639
20198681,56917227,85349329
18159706,94186340,92746926
7162895,40061745,62677218
81225190,81277485,44114631
86684680,20274882,38589200
8294381,35186522,61166244
68287390,59358609,89997473
77470325,7004520,54684135
58496300,87315873,81976175
51167532,10002757,68327439
23241066,12171255,92259353
63217390,35670652,51031266
93170633,29197362,14344246
63387793,45522757,19949995
23677587,95913212,35937020
90686518,78455099,31403092
46154219,52103635,49453556
67354502,98255982,73833704
86864889,78996511,30167054
99182178,41022451,16782109
46384025,96430538,33034708
75807141,15777946,80925968
11920498,75431706,40755807
79847659,8841023,59735240
14651487,49132870,14081252
75725412,98315433,55155282
52169023,11468522,82535556
88464599,81416609,39791847
54230106,66663176,53062185
4780939,89213092,74118884
93970112,69185680,97958056
79255872,63483699,23581190
3639399,96568622,59719885
85145433,28354997,70052304
40502998,23696459,944482
96408771,15918173,86727970
56202077,72317671,58930197
18843913,59604900,84481813
10736245,42680704,81949659
1234087,58190270,10398495
55123604,7822755,41978821
88723471,71642191,59363746
51275047,27751539,64138185
25671396,66253748,79406302
41200597,28966108,3450806
19424211,48569149,54169430
33469503,50467605,49912048
92825150,49179192,42265597
64718841,34973979,33098991
57075911,36221388,83143711
48298509,37967409,41617013
70922588,65075212,35899816
13389248,82694364,43585714
52983415,79528606,449511
52661720,6448944,81047839
42017030,96666983,69111136
36871472,75331757,80404074
64890794,33076001,77166807
80705065,89740746,50451234
78135757,13953744,83957706
26754228,39956524,22604338
75446133,42515228,25492907
70955912,85081975,31334980
28555885,61296645,82004332
1289937,25128399,16004681
94851550,81819496,19785833
88941046,88714181,98055364
11473181,63328535,71542663
97869411,46435647,33394892
28525792,82064519,25336818
53193260,12574747,65363439
68337165,70961620,31025221
10357710,39992633,10382840
18072521,28915130,63605222
31641439,41555687,49916989
12205669,69086380,74389323
19035767,98654700,18440045
79709368,39439748,71794275
22263732,90395914,30171501
54773451,9942634,27200882
10237575,59686932,1539117
99090687,87215819,59623628
52610865,4362516,87464929
52468387,76292479,22303756
56836790,68451396,88765792
21565177,48979817,36903476
52846592,37221052,58309883
13651808,51679536,93790
13965318,66696873,60974888
95898350,27982775,12083329
22192782,74540242,78395976
83679660,21253391,54623496
54219421,50350065,14039332
29998077,55541050,4268406
34223364,11660834,85870756
39274279,24389838,98056288
25264588,85167940,36342228
67867514,2166678,26916056
27076347,58064828,50970421
2693283,57610492,62307057
76958311,72562943,25946240
83950484,82273734,16757056
72883521,71664451,50164870
22282333,88811595,11251981
82237861,16107440,13632402
60057799,12363042,11875676
14835010,56800094,31866647
66961556,49174972,16838981
36382890,82064607,73150599
34124048,96850591,54916009
29522031,38755399,38610883
13434400,91554498,10648873
65040306,29850061,60140688
32343472,64772043,98822015
85009438,57108444,98912199
10583711,24266324,46176619
34060474,42520112,70452744
66782842,12000629,33368036
13990745,51842722,38716743
62647092,46774969,68071568
7442103,97585223,68535722
21259883,93983719,95348644
91520965,10876801,32865361
19355373,61560284,11291070
18131546,74635978,39492996
67755963,84727562,17607880
95103212,20292814,64382836
86717040,31903157,21156670
24260662,29249540,71587581
32167984,45242820,92199292
77841050,86581036,31331268
45007447,11179469,97959626
98971556,48527742,94742292
49797516,97232392,58591505
26574924,41215454,71109577
25262497,97575999,19365023
40655123,25775895,498524
72730176,95173383,65775454
75906280,82074804,49148483
68383165,70643825,41833318
47525639,69444407,7845247
786881,85176427,13574241
73010469,25825113,54034892
87854329,36383003,33094901
14655667,7088051,52274862
48001742,22655759,49364031
38969685,96650677,43411130
95139861,95741825,90124938
17970230,73496478,7856911
42235989,62232540,26217197
58098815,52402209,26347496
82109426,19897332,27495279
22859717,64235792,5335109
12942214,93698039,19696783
54487101,26001421,30078708
34049990,91800733,31535242
73442018,41729671,24614520
63432814,74675458,75900875
60609686,18244850,6130659
84648293,28942030,80757096
58903579,33298421,88154801
67740042,46582198,89036076
90870979,81877438,57544635
36526294,82041525,62418677
53551361,14393498,20587275
52760236,16989445,57845815
85897454,29737395,8463381
946661,86556049,47237799
74737495,73799551,40452020
34239359,10198223,29783279
41613486,89896591,38017245
15199131,18534723,84003742
84355150,79072407,48318943
68664594,14584661,64358602
2531561,60362865,38136769
99209084,14032229,77112618
75600472,51112024,26136113
20074018,9857212,92121898
1558099,86030980,47996956
50073746,71967067,85524388
8428314,7027869,14649513
59012134,8887213,9589830
77735429,48328427,4833357
58696106,2107199,29570593
44007292,72802165,57131493
11002803,48137053,90070888
45154781,87907713,92876655
29215559,55309719,30309596
58944297,26744039,33403006
69603707,45922402,82088924
85945805,58036228,78363555
5959484,84048118,1927263
21422295,48566619,78874886
70372357,9009822,19793123
22529386,56222796,89075373
26151575,50452797,6354750
95149936,43714858,59602263
8084912,99395764,13539754
66799218,40862673,52434875
88567022,4933845,82020786
72239846,3123675,6872865
80871554,75987761,19076450
84032575,72290506,14921039
91681497,27742833,58510003
27151989,94984456,67158505
69226309,34538883,43991860
95956551,41821648,38647186
54047164,2445741,83807387
94885769,10968711,8767278
92803605,29827666,83231784
46506442,59453544,5285554
49815711,66134212,68855140
15227995,94306589,64255501
84115788,25174029,3937013
26146160,46061680,51162735
77004774,580742,13830667
48799405,45705388,81874117
68084467,21779755,26183549
9070157,93023221,19923951
23706526,75605543,84791669
96728454,76143041,57471186
54018479,79025998,6630849
5204621,24049648,70177371
1850784,8870925,35931676
13891798,54514556,45787903
86672866,65602213,37255777
70333477,62632427,68163950
91732070,14274755,11159054
50469420,21890188,42410994
75212090,95503598,77819420
12174971,63146824,44782215
34791004,73428466,22137571
32416021,91520605,32396961
93930495,76749654,68249035
45922304,13184820,30388404
75970950,25331027,8660286
69103999,45103801,91844907
88716344,59809381,73261216
17726184,12845151,77652112
84831035,44715823,32252406
48697156,78405915,44247889
72657209,5392948,26634835
89546066,68039304,51239317
84205268,86734232,7057988
82300451,33137077,33054547
13774435,45038911,71398695
15014217,80997886,23127896
18569336,33301488,92398267
46784505,7495545,53371389
79730961,93143562,3735143
49363224,18198328,8868602
73616679,49293022,800675
71717668,84811597,60431237
26777453,87819569,20230065
86449502,21668404,37971890
97500804,19996178,8839763
93860535,77043475,13021935
25389475,50612299,30553407
88608183,71220557,92160110
4874274,20838964,32540194
47093528,23119829,32012185
53691585,59753889,39570798
3335093,21766411,14214926
5823744,34777319,90154392
14530664,91640134,95490192
90224302,81197622,31268753
7846468,42612775,66531661
84896214,1559171,54830246
42022711,68613133,38693877
82369439,36841425,85780911
79334563,97522514,32850572
47755230,65157985,81459542
96943953,47050940,39217628
99940738,42268965,30458218
34894743,62092040,91173008
52647836,8873335,71812663
52275302,3574987,36389743
26355518,68832805,6421988
37903904,54459535,12082793
47194217,91602963,50014241
41236325,37394646,42835891
14523262,67771849,56137894
57602199,31693748,14729882
6382105,36594178,56235058
59356830,76906678,1355278
56460130,27376813,73781650
22675105,46635501,38104844
320427,61961574,63516076
8833553,33718574,56999673
78605673,65873446,5784442
46489519,17925583,77115583
87244618,43902016,38525917
30762896,4952517,72604927
68443962,53396421,20971295
87797725,75142470,24376860
44194936,10982962,28206996
17892125,46629066,4792280
5057786,12886398,226285
98299779,22457379,36572251
70442327,74493266,88375254
46826161,30938877,31473157
99523889,59970313,56694667
8945536,49830570,94954828
22345689,9388556,49071574
95281736,9220971,29106395
76833419,66209312,23280588
5374180,56006616,19762510
7693976,36305055,95759787
49054725,13459347,32353137
46319622,51278426,26369815
15530831,91619129,33255879
33047174,45180239,6740508
46205784,79281855,764055
41494498,8396288,96140771
39195888,92487856,74001485
17458697,97538772,72004289
17119585,88232991,15063519
66135259,22451625,8186636
85601181,46441948,77603618
10534,94328545,70119740
800970,52076983,13596368
84008721,16806822,1901909
5441461,20791750,66944759
26209695,32567093,50148011
39845758,76463897,27039642
27764648,12643018,78581200
52082733,81940070,76512442
65187276,42893168,67198351
7606829,55425526,17027252
93014932,56374185,36697710
91976560,59803105,42007671
43736723,62486171,34748644
62345611,37639739,97274250
4342818,58315562,42856282
76614724,101007,4311028
51726601,43780127,41073650
42914710,15551370,34101974
55168457,66609949,58030659
34568263,59270861,1455331
12084216,93529064,28785205
69359827,89041786,75621049
60642092,35939632,3511002
70797651,54225149,51127124
79640756,30398026,76201492
35870360,96088541,75839408
50013406,22521107,42847351
64110910,61334391,55833605
96635474,78776213,78438730
78416346,59177646,5910035
21530912,70094696,23898044
7206954,45153705,28580916
50199037,82443521,31800430
36149957,34720815,75813571
11572477,24542290,68324259
11340644,44217857,94665569
87457233,37918706,98929295
73133193,42990860,29790346
55190713,62096091,54510309
33917925,95431758,17935263
15064518,23331775,879323
58781242,18645788,25931609
37096114,23905988,45210222
68182890,16771140,6701733
84688402,19318814,74481377
55249400,24679952,95661086
30971539,18630608,23754171
6766395,60736294,18203707
75283517,83899350,2719048
72964609,98097303,96140926
78986368,28435482,73028861
67105566,75633719,8225614
84361121,9252294,89564000
20025090,49688400,11899853
81122462,77287701,32522883
57477930,52662980,3421490
46216315,30260023,22028588
41106237,85033274,50887838
56441937,3367260,5388025
99124844,47203538,1457667
62983790,28562131,73465985
33761744,60120252,63212379
29940662,61797959,13274939
84201940,76824476,97334248
23179080,32335601,4247971
23045819,90038661,18727530
23947874,53738617,58509812
13670622,52948689,97299537
71928339,40072672,73812671
90901931,55206150,99917902
4147909,90645856,1251810
67291183,17084880,4943690
48494195,54276455,63316863
68260379,20740375,80788854
88229016,45564510,66760946
83605129,64654016,2136013
4591675,14519603,30328353
98466211,55684209,34978932
85490945,51505041,90500642
70196395,85620186,29945402
31301624,23826911,9232254
90017914,84058653,49205360
15320563,53847957,13310841
28376845,14238922,35472576
45674316,68961058,60704298
86577098,23346439,79318697
2457749,11722981,10935796
75357339,60542800,1126437
13054777,8124490,72822923
61146348,30377437,52877630
39188165,72934152,88473675
93093188,45518539,37452567
47600536,96891997,51257400
98076360,11262479,22719853
75856219,89744536,5065666
68649740,20946959,67423258
13069166,10450781,43866006
39431880,95442035,96701597
46615736,22383625,17687857
57454352,66337686,6303436
52363725,265303,79359519
16068123,16596097,85344142
87331257,98186791,82904016
31740282,82509108,15928108
6761656,7472915,11960429
40966937,11670344,58912533
67886463,43685218,33239473
57640760,30496517,70623299
74363728,16275663,91843702
66135478,83290238,45175127
32027270,4660848,49338052
51604906,11149499,90188241
7995423,23407252,57912680
96952482,12173825,41628798
17841232,99771707,31704649
7861378,24408705,34790902
66509357,27090600,92597256
95731269,8880991,90698491
96470119,12274848,12962789
97627772,95641337,22793468
36985879,7831777,78421180
2275644,68078059,31648121
58646261,22213414,42451309
22979358,92023885,8557193
52440276,92950046,71831389
23371741,41077033,54192260
16663848,26962378,83900281
71666906,34323790,85692074
66656062,1371999,63986199
187020,20420909,14787411
62033215,9863358,98677358
69420676,5257590,54025473
27133988,61939541,74399868
78124944,7434780,87757607
55108264,70300619,37571090
97418709,61081034,28026375
13924160,71097967,11355480
56689402,39588721,81107064
76284921,90978572,99180454
28540840,57077660,34017292
39209005,37828292,11868585
22022932,82432509,897346
72736321,76555883,56504057
5176463,72070184,5101741
92006896,11866918,75525404
28493517,67546445,6271880
62229179,94939151,68122550
95378506,88631056,51947679
4628245,2698805,62639532
33875478,46860687,71243529
20154165,49434859,34524089
32591537,31736459,16157911
83896449,89162523,52415615
62798220,54648981,87295455
31576034,48055956,33383615
55608600,48752557,68143834
49266265,36683957,62714778
99513531,71577663,80859665
34918078,18466627,16836824
82156623,46689890,92056169
61043097,36576428,48181397
56345003,8385683,69090774
96492908,61908651,46468137
46183934,67847241,1987085
82835289,768022,92451168
60569470,96244077,34580669
80187401,47065287,37796931
59352225,55438430,80149232
94047861,31427791,48411614
10500598,30520233,42263500
48760629,10632971,52146944
39871773,21248087,53064376
29810901,73660367,14169800
78508701,4428309,87971974
51881739,90607992,93624395
92249283,93728582,8928261
99719148,60428184,9013424
97335823,48998897,2517613
63829164,7438748,60469546
80509836,85172036,89038078
13868873,10424801,22362867
64291636,17197437,19393398
36679033,47381784,416250
69576553,9149414,41319498
8618236,59026540,23474993
31551598,44089024,13477032
74767107,67265551,23845904
12833975,5655946,41054063
1110647,58273500,73190449
50551834,27967190,80229960
47017851,1341061,77765185
71850946,16678550,77293629
16977341,68782862,88282686
29695037,87642350,73665206
79192231,41199815,52961003
39322959,10755978,12353718
72334274,9673858,35087626
61860894,24935983,34671879
96132041,94209753,37424089
3071014,28718025,82097755
42156136,87616854,55483663
89676655,2743473,18616918
50546258,69777937,95606528
6202806,3997411,9419912
12640939,64527262,39897147
50950027,89692079,11234347
61655824,67038113,83447788
77490328,6288697,68697891
99183533,80561840,91685198
78531951,79915892,20611791
47107399,78117818,72899032
41219805,45392952,87607643
63188040,31344832,97153908
68572823,48676883,69163968
38669776,93984644,99788062
36484326,58301948,30603858
24683184,52650533,27809107
34886489,38766232,33812353
46349767,37708009,98349718
73392792,3551881,1088076
2728188,76284117,1251223
781418,39155586,5374838
41896099,48635591,90263358
53760869,62327737,43901923
68411470,14459197,40345275
94747099,49846553,51762237
68800522,19242273,20422572
7504675,82153489,94985371
87588802,31866715,32671231
60335370,97994448,28855336
46104847,54202782,49890007
26196490,41391413,92076022
51861595,81789526,98124001
53570109,19072316,21591357
62459355,44146594,77034168
40288031,39541126,65186760
67697149,83284995,88005061
4162013,49611321,38783613
55532443,28824893,25905356
67480797,22306027,25618059
44736544,95309883,56774259
69525503,37015059,16835004
27488799,87411050,32992829
7932176,73301690,52817620
74788580,17755793,34088731
72995267,56330309,50303842
61091362,26856081,25041556
97519672,96650284,44830313
67751737,96227315,6715102
29055009,80211213,69449177
51483610,97527282,34766758
18833096,80576951,58206161
96194373,46035446,24729798
45890997,4766162,55661868
4321138,22314714,19417566
61549340,58833408,35069690
79754861,82860624,42282566
23069208,38789296,15029611
85101004,15091215,36006881
4845155,63525344,59919058
40687259,48529948,54040938
10616610,84239350,81525568
86678246,2201097,88039439
16882381,13643021,94429685
39208719,16271557,29712015
24635623,13604229,72876469
41240479,35039929,99153693
66517008,78460833,43171992
13900435,79924718,43185475
71421286,64024778,84335912
74746299,38256647,94772329
54461639,80769381,46830653
17359341,72210095,42302885
1312162,12846655,33949728
99517429,98459454,16103431
26824146,50073172,40797157
74605826,15778046,42109013
98327356,40248242,67062537
31527217,67689493,49193064
13493766,14150350,53058329
14741068,94411770,45437458
22850389,45382233,653862
3181817,81913187,9208925
32912521,77916203,34945297
6311284,45929252,68816550
50937224,84168301,45662459
50042794,83542479,35767232
72591032,20922580,22459646
41243341,99751991,60585844
29413179,99159042,15049487
32388355,50970005,94692855
96596743,41024,14622840
45594794,70666427,61511818
36720099,94199921,84093583
66886144,96120807,67655061
4230663,23597576,16993298
74910343,89811760,90118671
84066259,47759528,79530018
81959665,7674203,30011046
60130030,82688841,92625113
56209985,41007097,20578533
23196905,86317744,79894997
91482082,72508279,64672524
61930834,86033113,34399421
51403624,21053139,55542112
63468724,8919924,75280380
22143338,344659,62529439
47616916,14702274,89083889
25896055,60607049,79363892
50244268,15200211,98867614
29217801,63063836,93428888
21712093,59757471,70977686
63462409,74322021,85875342
3484142,23326578,68486771
8713293,54898805,71764065
16761296,31268651,3234991
80155880,85014683,90418520
3319075,63222707,40555187
90145193,7121602,88057240
8717376,76908228,95751624
23816998,15310901,42270311
35207341,48552226,7423903
2726124,83910737,52279973
48040292,82981781,56673231
56083048,95782631,79716732
78043894,23517199,96739121
84946223,37648213,28971492
7286993,24178416,13475956
425449,45040520,18788527
8736510,94494601,36595789
98671816,74428241,8868968
14137646,299569,11884205
69722551,79385618,36181730
74917901,76280609,61839120
4766619,42019991,41155802
2411266,17128038,2261728
62099028,32906288,96593106
95309480,70372754,33100741
79716731,33776472,51361722
96306890,80430713,14128697
70457861,93370053,19044579
18402449,57192014,83841156
2517506,85625604,60578577
71113842,61264746,98690501
9859459,10030483,46267212
69632894,4441721,34591927
13268649,925836,10805328
32269401,77094919,91072443
23763861,8524260,10665423
41876851,18516593,63754038
67050362,45500150,73804611
89046170,49539384,88603116
85712130,274351,88225086
4378598,21096000,82622324
54356667,79701206,79612577
16290831,37627915,90190067
48615021,44698115,16037933
81581114,55086480,56413919
35128217,5785306,68508831
5396305,61041774,76845775
68346618,24691213,50207770
72064955,96544208,49735963
36212992,53036325,47457226
12494142,62583191,53932059
74616488,14598656,85702707
42225906,69880209,91685052
64820319,9206537,83178202
45484061,74851912,19618721
77794045,41159475,25042488
83594448,82511417,88252932
71520778,232188,22664652
81996757,58120335,93073324
29192610,19657407,16149854
38065565,66622922,46881870
71857214,21984775,79164157
29545771,83667899,75395586
57613057,67722981,92883791
72760466,16940138,37321505
15400227,44701452,62923723
37901644,86800255,18923974
32822759,95998962,39403774
87704299,23969841,85435187
9240036,54130328,96608270
95663597,43826995,98949800
61927090,3962996,81364296
93582934,14152369,20963409
91567394,42456474,25576538
10230329,100950,57220705
25222541,85519245,86404709
67296584,7077103,48187286
14284429,18061100,20629830
29821466,42658503,84883066
20302268,88775581,7920672
37576459,65200251,33080441
69650536,53780524,112409
38516467,89738015,83051955
29176810,24881385,51740352
6936679,7704720,44656011
93163746,14393082,64238283
26987502,56260014,5852282
76813048,68989545,15927808
52690126,84640263,47410049
50869508,35423067,59624208
85323843,26246827,61288962
33452966,3392615,38544255
26129933,77659077,34721637
69716685,26094370,20016935
6217151,12745177,20530401
92822698,10404732,24917291
43573148,20996457,51792532
59541760,13040629,93724373
28378738,50620449,80555213
29208714,41444005,82278313
88018968,39227520,71528151
16173708,72182131,86735659
27783413,14520407,77046619
7044272,98496657,85524695
88627743,9279462,85118107
29260987,99510156,25622532
62991371,34084222,31092862
86207127,610188,93859022
43742830,50876988,95395603
70876818,18086330,4209164
36373838,33206313,27382323
78813033,36710255,37785880
89902473,85087620,42254084
11982771,70833612,5755787
55213228,9265145,77909967
19413669,94390620,2652074
22359990,16616526,38774323
94041526,60336981,49753635
43573953,96817308,27557611
33697294,12031618,89061852
65102464,74200249,38199283
11772407,25296027,44236442
20900787,90201113,94943236
92334368,13690663,60252162
80955208,96615835,74792613
91742345,65454179,25539727
3333771,66061252,92586841
1998947,63448648,75428522
49006284,57934171,38756386
10186798,27582896,93182473
15062065,39078776,24470824
9780060,82756312,32222271
25006511,38599694,51352979
96533740,71364921,77581028
99380866,76086548,80973810
39941909,84441705,14494111
46928618,42774317,1194251
10878702,47156887,57071518
96449791,88933871,57819396
1921661,61159116,70480970
84752332,81558351,22748227
10977682,29392622,74507854
65251058,33832847,34184798
1385666,37079304,28811388
38914421,16175153,10678473
13185238,20496826,3863711
72093079,7258182,79869398
35353801,2180196,27970795
30840321,52994761,58842702
17933975,52816405,7674691
67776481,31164500,12136274
17740900,49271819,13443099
10851960,55735729,39653907
56951535,67477843,11092346
53888350,94196943,70162364
63492922,85731140,76018925
36965350,40948237,62847057
49676163,68957441,36757377
82002339,34361835,97716399
36569389,19617011,98346246
79362582,90799154,76260946
31203193,9148847,46833675
69092742,59026437,46786307
62380852,35333462,51462029
24582773,75662394,59710713
16399880,72888240,22088107
50057724,46440737,40535839
3857908,39473443,84822236
48001476,99346519,55970259
19918435,35684583,99465027
95636902,16931260,20956411
99879132,22547833,72279047
70596547,9193359,34267013
17714207,32447582,49676906
4957188,29656154,56800082
43430754,87346245,51846846
98372607,87709381,23491481
87244242,36113867,62532567
83560508,84637510,50424412
31010096,94481619,45602162
49612488,20465592,93926187
12208989,65602275,80532132
3080085,47534356,24909941
27941340,17109088,96495905
84480657,28433995,49030134
91074781,37722711,75310917
67487398,48072950,74515881
7428420,62824441,48342188
22696030,378625,33303984
45261111,4001283,25798064
43478369,64129381,13150137
66477876,31963888,90276501
64868924,39572646,40808351
38258101,40153021,29701521
13534327,98945246,4076532
80985454,32930483,65528144
396941,55716523,70406510
12183388,18707741,26536834
61793787,64573160,23980745
6394206,41182422,4514959
22033389,20003487,50919654
52845541,68880523,81880477
31236305,47115540,57952312
95158865,95057192,95377897
26715859,20006826,49714981
88113224,8578742,99279845
39817351,24118979,87425842
40767123,49205,92339908
56744531,38595173,5106672
17807395,41181252,20843084
61947528,48906354,63507047
4347949,74233700,16091259
21128124,58618942,84260162
35305344,41229748,9220159
31334207,17660928,597633
72773159,73782831,30112422
4498500,11570720,28945212
77162092,35132608,81832828
5732896,75726712,61299957
99529979,76952243,83403140
65333428,24054066,19693543
40023851,4867795,4758500
10772329,14179521,97075965
6006190,64380297,8312763
35537539,44704665,78780870
98320245,58226113,65555731
35544272,77400015,80423325
54932581,5891930,38839059
38249580,59438345,68861507
33015133,19912240,3828007
84654995,48894176,16929907
89205854,30971061,3396531
86449381,46777770,67142252
44701899,86310529,64267331
28976345,83588989,35683096
97543954,52187664,35637984
8373430,87374855,16892854
91344672,9355217,82458029
12712421,5820972,89932876
45098000,93128010,98234237
89533460,89413906,38703430
40330228,5066557,12059056
90512001,4319112,70912065
19269995,21610929,27334017
75966643,7174936,23729266
9558737,92221289,86144629
44235221,89274318,41302419
81469160,19998255,95868022
55485114,38232645,4696479
10012371,42302832,49023664
1578382,53874209,2699865
30360802,33075076,49441915
89155918,73299566,47331918
7774028,75707585,35322279
3946008,6802066,95259662
92299960,19268231,71721049
55838293,44617445,99463473
48536655,94738260,30573324
33198732,88092468,13648221
51178793,92235239,69175589
61768059,82714703,19758826
85992604,29707118,63454176
3164826,97508374,19686529
11051463,76369489,62914989
22739422,98610610,37518901
36658416,60207156,39600784
60325858,38363908,72791679
69276219,15306684,18055116
91090014,99120814,88029394
26419314,91843459,67005826
4559986,22428448,33525737
63667342,16320263,7659230
16445155,28953759,85232375
47505555,71288427,77671946
76957895,78640814,6510455
73445595,50307250,28935105
96442487,19441114,69397509
91156110,79900177,34074102
61323000,13938763,4763780
88435944,90256600,89282351
82140538,15317809,95811096
29212940,17317027,14953064
60398583,99490714,30311735
5153666,41828279,19381070
62962034,13251217,63323958
23948158,71936565,11518277
85192973,53841275,95447381
59141768,979658,66064285
42196068,73371055,24000220
79087095,19206312,407328
41599657,18770189,97987172
51392235,65349775,82034184
92700671,82712482,29090349
37187568,30878483,6604751
32092064,97930016,91360963
12377975,2697295,11419172
19171878,53760555,76228652
29957179,71776356,23265698
98139888,90286424,23275364
7572696,56205477,5559282
66452979,43053407,57194275
79300319,72527146,38276841
21861816,86080362,8831804
64901561,62720161,65608104
70513222,2409687,49721936
49881143,53612818,45029529
82262120,38261183,65763111
98086058,24964092,67755029
21214052,10469123,7986459
43968902,18584102,18701779
93860877,80976078,64334937
76699756,45576450,99777050
32492576,23612980,38571565
73318799,29419198,28943791
90403431,98121657,94321615
88375784,2209740,15396065
3106191,94515815,30189005
86215242,20797080,73596500
21589496,47139287,43285673
21084893,33039918,56344554
13470727,87262172,25051975
8722547,47708398,47713746
30875041,89554355,36019975
89762780,47537228,2488158
11543961,85288572,31839477
47411066,73796446,76353201
97341424,70978953,18861030
95560798,44545513,11748178
29693370,49097434,15014695
61440882,58044255,48518111
58348721,36590598,17629482
11312942,24114764,31603321
35847373,45198834,21297840
40353986,43263072,76564765
71473971,75394331,40071962
95798480,10877287,11116774
23168557,16055814,84898039
87973520,18637721,77000422
87636637,75925567,43149735
20260535,80082543,93162900
34554729,63142197,12693698
14991713,7555663,97245334
3249313,39595705,79812012
4010622,91269111,25679928
94997420,76473489,59888130
70197027,81881584,44470966
69089214,76956178,5305695
12439398,8083151,27669456
84240693,20143157,50829215
84899129,36087021,43632025
17434651,45634613,81936423
30609000,13986729,17850551
76545898,77170326,1129144
49733508,54338898,86262529
20033714,36403782,3297987
21179789,5808001,77103200
27041080,57634083,27137222
31643076,92457041,3312336
69791442,10236079,6177813
83743652,17039175,95530335
53913063,16430414,58227103
88502524,69708376,75274230
11693223,19901786,69381658
50005808,45339537,28402507
96317630,92329538,22404243
6120138,85196400,32553380
17288742,65998573,97565808
22329847,99129510,15812168
42377813,60938746,31541261
69941764,13300989,12344428
2703696,3335470,13360905
11067356,6224000,33012493
42322120,78238569,48771791
53798665,41637373,12065592
76371796,47173138,28429570
93466163,14188263,12281555
99374763,40184389,71487910
48252486,17080678,19080506
52091325,26667437,96434854
28151460,74933167,30535324
41420612,64528960,50587702
9685799,23492735,62145584
58573641,53358121,22612044
17919749,99960447,85052093
22367934,21975520,32861829
65731120,12247587,44601291
74059218,59962813,57349419
26060529,56045751,88610314
89889254,84073664,18733377
98160798,19179511,77178505
2810546,6229431,63431399
73488022,67018304,37763364
34799133,92433405,87210932
15754368,46186252,73077553
82907222,65168632,23782730
95345641,32388523,28840088
99406041,40439927,50062079
71802200,49248305,97169332
76863104,42565794,47634876
64916189,66554161,6346052
97478603,73063895,39007208
83358046,66527770,50837509
36961202,79418029,59738363
69263462,27435394,31849157
5379093,82191851,87791993
25921390,12103710,42271872
48564374,99076311,50042359
58426754,48133768,52714378
53981270,78577813,29371688
403298,59239767,94071203
92718750,82132784,26656543
21419061,6482711,54811402
78946631,85531404,3530051
81817718,72218262,44197655
93582487,91915388,67488362
90552654,24103715,53483112
12999175,49703486,76430059
61484586,35315312,79868998
78212006,98523933,7148163
27540197,85254208,7903536
27930171,74611278,60483149
18663444,13914935,33609425
93664046,32891409,1376058
90961686,56448365,38239461
7020084,77022406,22798372
28517753,20778973,1135368
41171516,81263198,83418663
58146218,68998977,62903490
15056237,3872996,18703398
20353161,61550091,10925418
81186153,64350062,25115467
21548920,46084709,70119864
38700674,21961200,28702582
9777443,75274389,52685062
67001223,54573956,25032051
33623719,74089032,79226501
98943148,94423867,8608687
31860741,48311082,71802991
13098304,94832024,52999168
93851649,1116806,30326917
49288540,7833654,34659690
42450784,20199950,23420131
38937885,11412802,24785339
90282788,99187892,88900635
73321497,92542279,32117311
4055619,99429268,16215661
40026014,7255091,50921626
81052513,25779238,35444320
41825844,37768977,37143771
24328735,82916077,57874276
79637156,17933813,19817722
95784196,1238034,41777576
97185400,31512989,4929520
23966449,34429314,28282606
89053938,64461752,78359255
88993540,67020685,74621681
71803638,22644897,50062117
82528988,11497839,87935841
44723610,77831236,48530629
46660275,25156840,30316255
19374022,23936295,80453633
68870737,60628476,43824101
94236409,13724613,64396887
70161835,17069253,63385102
30134031,64407285,12582634
5243274,79192703,38668657
96968945,79088957,14497030
61111288,19489441,33392967
52093036,49265628,20985515
94221394,9093099,74416511
32016496,69132032,3209488
62103496,74828908,45698083
51868164,46273907,28872389
57768164,53151806,13639139
88216023,85983562,72026857
10901267,95692130,44969601
85494262,4677571,87185432
41345315,80341145,24109206
28984243,88330643,26370195
69517163,99343654,43433368
3413941,5745332,3471506
15602008,45077203,54100454
37479747,58689586,63535898
56685145,23201875,74201699
22819889,21803616,8589140
45224966,63734569,49348971
93807359,81145024,28114851
85092965,82908361,76872466
79452461,61874309,79321241
12941478,95724387,10928944
16964239,74019244,69536673
78671944,7836477,1876138
17472163,90184154,63607410
55748734,92274123,42393046
790369,63483225,48143301
73262873,99973849,97462089
10070424,14121186,73888495
9188571,6367501,93739103
12052176,20412257,47568003
60230548,78657282,64707645
97715518,33455183,85530716
44654566,18414001,57927670
75851428,19706436,19027391
95754695,11925215,22447648
30940958,98580300,19081482
39936777,43607970,33106104
94916385,4020818,72962510
43685904,83819986,34467107
34859547,94353980,18316746
60831006,90607655,75321154
59601377,81125481,88472871
63598533,6021010,53115002
76089095,63960532,42664515
999312,99132153,17687309
99801656,49206294,80007317
7116709,7312514,318040
57197958,13840077,52340338
57396267,52120791,45782527
47806022,39243101,54738700
85834330,36837545,62643073
78414150,51690444,94954362
84711455,88341704,573372
42487752,3046044,26652647
61827591,76498144,96296699
46250354,2548833,71138427
53589063,45140464,96246880
93938916,67073824,46286619
1662074,61729778,75426288
51273040,7287045,10218882
26393197,30773446,40906927
98739094,22531662,49231037
61598483,87688428,8545163
59345336,97846605,3037769
59469538,80251482,49157886
690756,30150091,85910799
36894309,85338380,49282191
13750247,37403223,29427157
80895138,36842655,35449539